{
    "gameObjects": [
        {
            "Material": {
                "color": [
                    1.0,
                    1.0,
                    1.0
                ],
                "textureName": "Storyboard 1",
                "uvMax": [
                    1.0,
                    1.0
                ],
                "uvMin": [
                    0.0,
                    0.0
                ]
            },
            "Transform": {
                "orientation": [
                    0.0,
                    0.0
                ],
                "position": [
                    8.769866943359375,
                    -166.787841796875
                ],
                "scale": [
                    2350.0,
                    1400.0
                ]
            },
            "type": "Story_storyboard_01"
        },
        {
            "Material": {
                "color": [
                    1.0,
                    1.0,
                    1.0
                ],
                "textureName": "Storyboard 2",
                "uvMax": [
                    1.0,
                    1.0
                ],
                "uvMin": [
                    0.0,
                    0.0
                ]
            },
            "Transform": {
                "orientation": [
                    0.0,
                    0.0
                ],
                "position": [
                    2.01593017578125,
                    -171.00759887695313
                ],
                "scale": [
                    2350.0,
                    1400.0
                ]
            },
            "type": "Story_storyboard_02"
        },
        {
            "Material": {
                "color": [
                    1.0,
                    1.0,
                    1.0
                ],
                "textureName": "Storyboard 3",
                "uvMax": [
                    1.0,
                    1.0
                ],
                "uvMin": [
                    0.0,
                    0.0
                ]
            },
            "Transform": {
                "orientation": [
                    0.0,
                    0.0
                ],
                "position": [
                    2.01593017578125,
                    -171.00759887695313
                ],
                "scale": [
                    2350.0,
                    1400.0
                ]
            },
            "type": "Story_storyboard_03"
        },
        {
            "Material": {
                "color": [
                    1.0,
                    1.0,
                    1.0
                ],
                "textureName": "Storyboard 4",
                "uvMax": [
                    1.0,
                    1.0
                ],
                "uvMin": [
                    0.0,
                    0.0
                ]
            },
            "Transform": {
                "orientation": [
                    0.0,
                    0.0
                ],
                "position": [
                    2.01593017578125,
                    -171.00759887695313
                ],
                "scale": [
                    2350.0,
                    1400.0
                ]
            },
            "type": "Story_storyboard_04"
        },
        {
            "Material": {
                "color": [
                    1.0,
                    1.0,
                    1.0
                ],
                "textureName": "Storyboard 5",
                "uvMax": [
                    1.0,
                    1.0
                ],
                "uvMin": [
                    0.0,
                    0.0
                ]
            },
            "Transform": {
                "orientation": [
                    0.0,
                    0.0
                ],
                "position": [
                    2.01593017578125,
                    -171.00759887695313
                ],
                "scale": [
                    2350.0,
                    1400.0
                ]
            },
            "type": "Story_storyboard_05"
        },
        {
            "Material": {
                "color": [
                    1.0,
                    1.0,
                    1.0
                ],
                "textureName": "Storyboard 6",
                "uvMax": [
                    1.0,
                    1.0
                ],
                "uvMin": [
                    0.0,
                    0.0
                ]
            },
            "Transform": {
                "orientation": [
                    0.0,
                    0.0
                ],
                "position": [
                    2.01593017578125,
                    -171.00759887695313
                ],
                "scale": [
                    2350.0,
                    1400.0
                ]
            },
            "type": "Story_storyboard_06"
        },
        {
            "Material": {
                "color": [
                    1.0,
                    1.0,
                    1.0
                ],
                "textureName": "Storyboard 7",
                "uvMax": [
                    1.0,
                    1.0
                ],
                "uvMin": [
                    0.0,
                    0.0
                ]
            },
            "Transform": {
                "orientation": [
                    0.0,
                    0.0
                ],
                "position": [
                    2.01593017578125,
                    -171.00759887695313
                ],
                "scale": [
                    2350.0,
                    1400.0
                ]
            },
            "type": "Story_storyboard_07"
        },
        {
            "Material": {
                "color": [
                    1.0,
                    1.0,
                    1.0
                ],
                "textureName": "Storyboard 8",
                "uvMax": [
                    1.0,
                    1.0
                ],
                "uvMin": [
                    0.0,
                    0.0
                ]
            },
            "Transform": {
                "orientation": [
                    0.0,
                    0.0
                ],
                "position": [
                    2.01593017578125,
                    -171.00759887695313
                ],
                "scale": [
                    2350.0,
                    1400.0
                ]
            },
            "type": "Story_storyboard_08"
        },
        {
            "Material": {
                "color": [
                    1.0,
                    1.0,
                    1.0
                ],
                "textureName": "Storyboard 9",
                "uvMax": [
                    1.0,
                    1.0
                ],
                "uvMin": [
                    0.0,
                    0.0
                ]
            },
            "Transform": {
                "orientation": [
                    0.0,
                    0.0
                ],
                "position": [
                    2.01593017578125,
                    -171.00759887695313
                ],
                "scale": [
                    2350.0,
                    1400.0
                ]
            },
            "type": "Story_storyboard_09"
        },
        {
            "Material": {
                "color": [
                    1.0,
                    1.0,
                    1.0
                ],
                "textureName": "Storyboard 10",
                "uvMax": [
                    1.0,
                    1.0
                ],
                "uvMin": [
                    0.0,
                    0.0
                ]
            },